{
  "w2_closed": 25.851793856692648,
  "ns": [
    50,
    100,
    200,
    500
  ],
  "mean_costs": [
    25.322009112121247,
    25.319594558235714,
    25.40198831752301,
    25.345354099006453
  ],
  "std_costs": [
    1.847421159881822,
    0.8784196654322142,
    1.3583486380494052,
    0.5934358076243114
  ]
}